<?xml version="1.0" encoding="UTF-8"?>
<window>
	<defaultcontrol always="true">1000</defaultcontrol>
	<allowoverlay>no</allowoverlay>	
	<controls>

		<variable name="castpath">
			<value>/Users/pgarcia/workspace/castizer_data/images/1.jpg</value>
		</variable>
		<include>CommonBackground</include>
		<include>castpath</include>

		<control type="multiimage">
			<description>My pic !</description>
			<left>0</left>
			<top>0</top>
		  	<imagepath>$INFO[Skin.String(Setting.CastizerImageFolder)]</imagepath>
 			<timeperimage>5000</timeperimage>
		  	<fadetime>5000</fadetime>
		  	<randomize>true</randomize>
		  	<loop>yes</loop>
			<aspectratio>scale</aspectratio>
		</control>

		<control type="image">
			<description>LOGO</description>
			<left>450</left>
			<top>0</top>
			<width>430</width>
			<height>100</height>
			<aspectratio>scale</aspectratio>
			<texture>$INFO[Skin.String(Setting.CastizerLogo)]</texture>
			<include>VisibleFadeEffect</include>
		</control>
		<include>Clock</include>
		<control type="label">
			<description>Date label</description>
			<right>20</right>
			<top>35</top>
			<width>200</width>
			<height>15</height>
			<align>right</align>
			<aligny>center</aligny>
			<font>font10</font>
			<textcolor>white</textcolor>
			<shadowcolor>black</shadowcolor>
			<label>$INFO[System.Date]</label>
			<include>Window_OpenClose_Animation</include>
			<animation effect="slide" start="0,0" end="-40,0" time="100" condition="Window.IsVisible(Mutebug)">conditional</animation>
		</control> 
		
		<!-- Three buttons on the left -->
		<control type="group" id="1000">
			<left>0</left>
			<top>0</top>
			<width>1000</width>
			<!-- Height is inherited -->
			<onleft>2000</onleft>
			<onright>2000</onright>
			<onup>1000</onup>
			<ondown>1000</ondown>
			<include>Window_OpenClose_Animation</include>
		  <control type="button" id="1">
				<left>0l</left>
				<top>100</top>
				<width>100</width>
				<height>100</height>
				<label>-1-</label>
				<onleft>2000</onleft>
				<onright>14</onright>
				<onup>1</onup>
				<ondown>2</ondown>				
				<texturefocus border="5">floor_buttonFO.png</texturefocus>
				<texturenofocus border="5">floor_button.png</texturenofocus>
<onclick>Notification(List:,1)</onclick>
			<onclick>PlayerControl(RandomOn)</onclick>
			<onclick>PlayMedia($INFO[Skin.String(Setting.CastizerPlaylist)]1/)</onclick>				
			</control>
		  <control type="button" id="2">
				<left>0l</left>
				<top>300</top>
				<width>100</width>
				<height>100</height>
				<label>-2-</label>
				<onleft>2000</onleft>
				<onright>15</onright>
				<onup>1</onup>
				<ondown>3</ondown>				
				<texturefocus border="5">floor_buttonFO.png</texturefocus>
				<texturenofocus border="5">floor_button.png</texturenofocus>
<onclick>Notification(List:,2)</onclick>
			<onclick>PlayerControl(RandomOn)</onclick>
			<onclick>PlayMedia($INFO[Skin.String(Setting.CastizerPlaylist)]2/)</onclick>				
			</control>
			<control type="button" id="3">
				<left>0l</left>
				<top>500</top>
				<width>100</width>
				<height>100</height>
				<label>-3-</label>
				<onleft>2000</onleft>
				<onright>16</onright>
				<onup>2</onup>
				<ondown>17</ondown>				
				<texturefocus border="5">floor_buttonFO.png</texturefocus>
				<texturenofocus border="5">floor_button.png</texturenofocus>
<onclick>Notification(List:,3)</onclick>
			<onclick>PlayerControl(RandomOn)</onclick>
			<onclick>PlayMedia($INFO[Skin.String(Setting.CastizerPlaylist)]3/)</onclick>				
			</control>
			<control type="button" id="4">
				<left>300l</left>
				<top>650</top>
				<width>100</width>
				<height>100</height>
				<onleft>3</onleft>
				<onright>2000</onright>
				<onup>3</onup>
				<ondown>4</ondown>				
				<texturefocus border="5">floor_buttonFO.png</texturefocus>
				<texturenofocus border="5">floor_button.png</texturenofocus>
				<onclick>ActivateWindow(1115)</onclick>
			</control>
			
		</control>

		<!-- Three buttons on the right -->
		<control type="group" id="2000">
			<right>0</right>
			<top>0</top>
			<width>0</width>
			<!-- Height is inherited -->
			<include>Window_OpenClose_Animation</include>
			<control type="button" id="14">
				<right>0r</right>
				<top>100</top>
				<width>100</width>
				<height>100</height>
				<label>-4-</label>
				<onleft>1</onleft>
				<onright>1</onright>
				<onup>14</onup>
				<ondown>15</ondown>				
				<texturefocus border="5">floor_buttonFO.png</texturefocus>
				<texturenofocus border="5">floor_button.png</texturenofocus>
<onclick>Notification(List:,4)</onclick>
			<onclick>PlayerControl(RandomOn)</onclick>
			<onclick>PlayMedia($INFO[Skin.String(Setting.CastizerPlaylist)]4/)</onclick>				
			</control>
			<variable name="VarTest">
				<value>XXX</value>
			</variable>
			<control type="button" id="15">
				<right>0r</right>
				<top>300</top>
				<width>100</width>
				<height>100</height>
				<label>-5-</label>
				<onleft>2</onleft>
				<onright>2</onright>
				<onup>14</onup>
				<ondown>16</ondown>				
				<texturefocus border="5">floor_buttonFO.png</texturefocus>
				<texturenofocus border="5">floor_button.png</texturenofocus>
			<onclick>Notification(List:,5)</onclick>
			<onclick>PlayerControl(RandomOn)</onclick>
			<onclick>PlayMedia($INFO[Skin.String(Setting.CastizerPlaylist)]5/)</onclick>				

			</control>
			<control type="button" id="16">
				<right>0r</right>
				<top>500</top>
				<width>100</width>
				<height>100</height>
				<label>-6-</label>
				<onleft>3</onleft>
				<onright>3</onright>
				<onup>15</onup>
				<ondown>17</ondown>				
				<texturefocus border="5">floor_buttonFO.png</texturefocus>
				<texturenofocus border="5">floor_button.png</texturenofocus>
<onclick>Notification(List:,6)</onclick>
			<onclick>PlayerControl(RandomOn)</onclick>
			<onclick>PlayMedia($INFO[Skin.String(Setting.CastizerPlaylist)]6/)</onclick>				
			</control>

			<!-- STOP button -->
			<control type="button" id="17">
				<right>-600r</right>
				<top>650</top>
				<width>100</width>
				<height>100</height>
				<label>STOP</label>
				<onleft>3</onleft>
				<onright>16</onright>
				<onup>16</onup>
				<ondown>17</ondown>				
				<texturefocus border="5">floor_buttonFO.png</texturefocus>
				<texturenofocus border="5">floor_button.png</texturenofocus>
				<onclick>Notification(Action:,Stop!)</onclick>				
				<onclick>PlayerControl(Stop)</onclick>
			</control>

			<!-- Calling Kodi home -->
			<control type="button" id="18">
				<right>-300r</right>
				<top>650</top>
				<width>100</width>
				<height>100</height>
				<onleft>1000</onleft>
				<onright>2000</onright>
				<onup>17</onup>
				<ondown>19</ondown>				
				<texturefocus border="5">floor_buttonFO.png</texturefocus>
				<texturenofocus border="5">floor_button.png</texturenofocus>
				<onclick>ActivateWindow(1114)</onclick>
				<visible>!Skin.HasSetting(Setting.CastizerShowFullMenu)</visible>
			</control>

			<!-- Test button xxx -->
			<control type="button" id="19">
				<right>-150r</right>
				<top>650</top>
				<width>100</width>
				<height>100</height>
				<onleft>1000</onleft>
				<onright>2000</onright>
				<onup>17</onup>
				<ondown>19</ondown>				
				<texturefocus border="5">floor_buttonFO.png</texturefocus>
				<texturenofocus border="5">floor_button.png</texturenofocus>
				<onclick>Notification(castizer, special://profile/playlists/)</onclick>
		<onclick>RunScript(/Users/pgarcia/workspace/castizer_data/pablo.py)</onclick>
		
<!-- 				<onclick>Playmedia($INFO[Container(450).ListItem(1)])</onclick> -->
<!-- 	<onclick>Playmedia(&quot;special://profile/playlists/music/wewe.xsp&quot;) -->
	
			</control>

		</control>



		<control type="group" id="3000">
			<visible>!Skin.HasSetting(Setting.CastizerShowMusicControls)</visible>
			<description>Controls for currently playing media</description>
			<left>545r</left>
			<top>370</top>
			<animation effect="slide" start="0,0" end="365,0" time="300" condition="!Player.HasMedia">conditional</animation>
			<animation type="WindowOpen" reversible="false">
				<effect type="zoom" start="80" end="100" center="640,360" easing="out" tween="back" time="300"/>
				<effect type="fade" start="0" end="100" time="300"/>
			</animation>
			<animation type="WindowClose" reversible="false">
				<effect type="zoom" start="100" end="80" center="640,360" easing="in" tween="back" time="300"/>
				<effect type="fade" start="100" end="0" time="300"/>
			</animation>
			<control type="group" id="600">
				<left>180</left>
				<onup>9003</onup>
				<ondown>9000</ondown>
				<defaultcontrol>-</defaultcontrol>
				<enable>Player.HasMedia</enable>
				<control type="image">
					<description>Background image</description>
					<left>0</left>
					<top>0</top>
					<width>205</width>
					<height>35</height>
					<texture flipy="true" border="0,5,0,0">HomeSubNF.png</texture>
					<colordiffuse>CCFFFFFF</colordiffuse>
				</control>
				<control type="group">
					<visible>!VideoPlayer.Content(LiveTV)</visible>
					<control type="button" id="601">
						<left>10</left>
						<top>2</top>
						<width>30</width>
						<height>30</height>
						<label>-</label>
						<texturefocus>OSDPrevTrackFO.png</texturefocus>
						<texturenofocus>OSDPrevTrackNF.png</texturenofocus>
						<onleft>608</onleft>
						<onright>602</onright>
						<onup>9003</onup>
						<ondown>9000</ondown>
						<onclick>PlayerControl(Previous)</onclick>
					</control>
					<control type="button" id="602">
						<left>40</left>
						<top>2</top>
						<width>30</width>
						<height>30</height>
						<label>-</label>
						<texturefocus>OSDRewindFO.png</texturefocus>
						<texturenofocus>OSDRewindNF.png</texturenofocus>
						<onleft>601</onleft>
						<onright>603</onright>
						<onup>9003</onup>
						<ondown>9000</ondown>
						<onclick>PlayerControl(Rewind)</onclick>
					</control>
					<control type="togglebutton" id="603">
						<left>70</left>
						<top>2</top>
						<width>30</width>
						<height>30</height>
						<label>-</label>
						<texturefocus>OSDPauseFO.png</texturefocus>
						<texturenofocus>OSDPauseNF.png</texturenofocus>
						<usealttexture>Player.Paused | Player.Forwarding | Player.Rewinding</usealttexture>
						<alttexturefocus>OSDPlayFO.png</alttexturefocus>
						<alttexturenofocus>OSDPlayNF.png</alttexturenofocus>
						<onleft>602</onleft>
						<onright>604</onright>
						<onup>9003</onup>
						<ondown>9000</ondown>
						<onclick>PlayerControl(Play)</onclick>
					</control>
					<control type="button" id="604">
						<left>100</left>
						<top>2</top>
						<width>30</width>
						<height>30</height>
						<label>-</label>
						<texturefocus>OSDStopFO.png</texturefocus>
						<texturenofocus>OSDStopNF.png</texturenofocus>
						<onleft>603</onleft>
						<onright>605</onright>
						<onup>9003</onup>
						<ondown>9000</ondown>
						<onclick>down</onclick>
						<onclick>PlayerControl(Stop)</onclick>
					</control>
					<control type="button" id="605">
						<left>130</left>
						<top>2</top>
						<width>30</width>
						<height>30</height>
						<label>-</label>
						<texturefocus>OSDForwardFO.png</texturefocus>
						<texturenofocus>OSDForwardNF.png</texturenofocus>
						<onleft>604</onleft>
						<onright>606</onright>
						<onup>9003</onup>
						<ondown>9000</ondown>
						<onclick>PlayerControl(Forward)</onclick>
					</control>
					<control type="button" id="606">
						<left>160</left>
						<top>2</top>
						<width>30</width>
						<height>30</height>
						<label>-</label>
						<texturefocus>OSDNextTrackFO.png</texturefocus>
						<texturenofocus>OSDNextTrackNF.png</texturenofocus>
						<onleft>605</onleft>
						<onright>607</onright>
						<onup>9003</onup>
						<ondown>9000</ondown>
						<onclick>PlayerControl(Next)</onclick>
					</control>
				</control>
				
				<control type="group" id="700">
					<visible>VideoPlayer.Content(LiveTV)</visible>
					<control type="button" id="601">
						<left>10</left>
						<top>2</top>
						<width>30</width>
						<height>30</height>
						<label>-</label>
						<texturefocus>OSDChannelUPFO.png</texturefocus>
						<texturenofocus>OSDChannelUPNF.png</texturenofocus>
						<onleft>608</onleft>
						<onright>602</onright>
						<onup>9003</onup>
						<ondown>9000</ondown>
						<onclick>ChannelDown</onclick>
					</control>
					<control type="button" id="602">
						<left>40</left>
						<top>2</top>
						<width>30</width>
						<height>30</height>
						<label>-</label>
						<texturefocus>OSDChannelDownFO.png</texturefocus>
						<texturenofocus>OSDChannelDownNF.png</texturenofocus>
						<onleft>601</onleft>
						<onright>603</onright>
						<onup>9003</onup>
						<ondown>9000</ondown>
						<onclick>ChannelUp</onclick>
					</control>
					<control type="button" id="603">
						<left>70</left>
						<top>2</top>
						<width>30</width>
						<height>30</height>
						<label>-</label>
						<texturefocus>OSDStopFO.png</texturefocus>
						<texturenofocus>OSDStopNF.png</texturenofocus>
						<onleft>602</onleft>
						<onright>604</onright>
						<onup>9003</onup>
						<ondown>9000</ondown>
						<onclick>down</onclick>
						<onclick>PlayerControl(Stop)</onclick>
					</control>
					<control type="togglebutton" id="604">
						<left>100</left>
						<top>2</top>
						<width>30</width>
						<height>30</height>
						<label>-</label>
						<texturefocus>OSDPauseFO.png</texturefocus>
						<texturenofocus>OSDPauseNF.png</texturenofocus>
						<usealttexture>Player.Paused | Player.Forwarding | Player.Rewinding</usealttexture>
						<alttexturefocus>OSDPlayFO.png</alttexturefocus>
						<alttexturenofocus>OSDPlayNF.png</alttexturenofocus>
						<onleft>603</onleft>
						<onright>606</onright>
						<onup>9003</onup>
						<ondown>9000</ondown>
						<onclick>PlayerControl(Play)</onclick>
						<enable>Player.PauseEnabled</enable>
						<animation effect="fade" start="100" end="30" time="100" condition="!Player.PauseEnabled">Conditional</animation>
					</control>
				</control>
			</control>
		</control>


</controls>	
</window>

